{"cameraMode":{"drawMode":0,"name":"Shaded","section":"Shading Mode"},"sceneLighting":false,"audioPlay":false,"sceneViewState":{"showFog":false,"showMaterialUpdate":true,"showSkybox":false,"showFlares":true,"showImageEffects":true,"showParticleSystems":true},"in2DMode":false,"pivot":{"x":1000.189453125,"y":374.92816162109377,"z":1355.866943359375},"rotation":{"x":0.011778210289776326,"y":0.9101338386535645,"z":-0.4133479595184326,"w":0.025932546705007554},"size":2897.085693359375,"orthographic":false}