{"cameraMode":{"drawMode":0,"name":"Shaded","section":"Shading Mode"},"sceneLighting":true,"audioPlay":false,"sceneViewState":{"showFog":false,"showMaterialUpdate":true,"showSkybox":true,"showFlares":true,"showImageEffects":true,"showParticleSystems":true},"in2DMode":false,"pivot":{"x":44.001441955566409,"y":6.016202449798584,"z":42.493167877197269},"rotation":{"x":0.07878568768501282,"y":0.9180923104286194,"z":-0.23228558897972108,"w":0.31137922406196597},"size":5.424745559692383,"orthographic":false}